pen/4457512434.html &#x0024;2695 594 949
pen/4478611979.html &#x0024;2995 935 659
pen/4479982841.html &#x0024;2695 832 1004
pen/4482399015.html &#x0024;2695 784 772
pen/4483009761.html &#x0024;2650 582 1290
pen/4484136984.html &#x0024;2595 832 1004
pen/4490775416.html &#x0024;2750 844 727
pen/4491272290.html &#x0024;2695 784 772
pen/4494128993.html &#x0024;2595 791 765
pen/4495961375.html &#x0024;2695 782 774
pen/4496346889.html &#x0024;2945 598 919
pen/4496453253.html &#x0024;2395 890 764
pen/4497657168.html &#x0024;2795 775 844
pen/4497688699.html &#x0024;2700 1070 880
pen/4500505879.html &#x0024;2695 784 772
pen/4500589914.html &#x0024;2355 806 760
pen/4500609185.html &#x0024;2750 841 724
pen/4501620344.html &#x0024;2900 171 1041
pen/4501874476.html &#x0024;2100 811 694
pen/4502010946.html &#x0024;2250 550 1270
pen/4502077502.html &#x0024;2145 851 805
pen/4502512126.html &#x0024;2895 512 999
pen/4502794452.html &#x0024;2395 890 764
pen/4502823629.html &#x0024;2350 884 672
pen/4502851832.html &#x0024;2800 342 1026
pen/4502911768.html &#x0024;2795 775 844
pen/4503813645.html &#x0024;2795 437 838
pen/4504174131.html &#x0024;2145 851 805
pen/4504543536.html &#x0024;2395 890 764
pen/4505808231.html &#x0024;2499 813 767
pen/4505828334.html &#x0024;2355 806 760
pen/4505897585.html &#x0024;2695 296 981
pen/4505913364.html &#x0024;3000 525 1245
pen/4505994833.html &#x0024;2695 800 756
pen/4505997179.html &#x0024;2795 584 1304
pen/4507690160.html &#x0024;2499 813 767
pen/4508004992.html &#x0024;2773 802 756
pen/4508089230.html &#x0024;1995 869 663
pen/4508091770.html &#x0024;2695 594 949
pen/4508093883.html &#x0024;2195 788 742
pen/4508380194.html &#x0024;2145 851 805
pen/4508975632.html &#x0024;3000 525 1245
pen/4509072246.html &#x0024;2795 775 844
pen/4509208641.html &#x0024;2822 802 756
pen/4509506462.html &#x0024;2350 821 1000
pen/4509917387.html &#x0024;2700 878 824
pen/4509919675.html &#x0024;2500 932 687
pen/4510562222.html &#x0024;2795 775 844
pen/4511670162.html &#x0024;2625 563 918
pen/4511705622.html &#x0024;2575 797 974
pen/4511713566.html &#x0024;2475 818 1003
pen/4511841295.html &#x0024;2766 754 708
pen/4511875437.html &#x0024;2400 649 960
pen/4511954475.html &#x0024;2795 775 844
pen/4512004364.html &#x0024;2445 829 617
pen/4512040042.html &#x0024;2696 800 756
pen/4512198017.html &#x0024;2855 898 543
pen/4512431907.html &#x0024;2235 454 940
pen/4512454737.html &#x0024;2425 257 941
pen/4512618531.html &#x0024;2150 841 795
